<?xml version="1.0" encoding="utf-8"?>
<!DOCTYPE hibernate-mapping PUBLIC "-//Hibernate/Hibernate Mapping DTD 3.0//EN"
"http://hibernate.sourceforge.net/hibernate-mapping-3.0.dtd">
<!-- 
    Mapping file autogenerated by MyEclipse Persistence Tools
-->
<hibernate-mapping>
    <class name="org.db.chr7_merged_all_snp.Chr7MergedAllSnp" table="chr7_merged_all_snp" catalog="maizego">
        <id name="rs" type="java.lang.String">
            <column name="rs" length="100" />
            <generator class="native" />
        </id>
        <property name="alleles" type="java.lang.String">
            <column name="alleles" length="10" />
        </property>
        <property name="chrom" type="java.lang.String">
            <column name="chrom" length="10" />
        </property>
        <property name="pos" type="java.math.BigDecimal">
            <column name="pos" precision="20" scale="0" />
        </property>
        <property name="strand" type="java.lang.String">
            <column name="strand" length="10" />
        </property>
        <property name="assembly" type="java.lang.String">
            <column name="assembly" length="10" />
        </property>
        <property name="center" type="java.lang.String">
            <column name="center" length="10" />
        </property>
        <property name="protLsid" type="java.lang.String">
            <column name="protLSID" length="10" />
        </property>
        <property name="assayLsid" type="java.lang.String">
            <column name="assayLSID" length="10" />
        </property>
        <property name="paneLsid" type="java.lang.String">
            <column name="paneLSID" length="10" />
        </property>
        <property name="qccode" type="java.lang.String">
            <column name="QCcode" length="10" />
        </property>
        <property name="cimbl133" type="java.lang.String">
            <column name="CIMBL133" length="6" />
        </property>
        <property name="cimbl62" type="java.lang.String">
            <column name="CIMBL62" length="6" />
        </property>
        <property name="cml191" type="java.lang.String">
            <column name="CML191" length="6" />
        </property>
        <property name="cml69" type="java.lang.String">
            <column name="CML69" length="6" />
        </property>
        <property name="cimbl5" type="java.lang.String">
            <column name="CIMBL5" length="6" />
        </property>
        <property name="cimbl139" type="java.lang.String">
            <column name="CIMBL139" length="6" />
        </property>
        <property name="cimbl11" type="java.lang.String">
            <column name="CIMBL11" length="6" />
        </property>
        <property name="cimbl63" type="java.lang.String">
            <column name="CIMBL63" length="6" />
        </property>
        <property name="sc55" type="java.lang.String">
            <column name="SC55" length="6" />
        </property>
        <property name="cml493" type="java.lang.String">
            <column name="CML493" length="6" />
        </property>
        <property name="cimbl149" type="java.lang.String">
            <column name="CIMBL149" length="6" />
        </property>
        <property name="cml479" type="java.lang.String">
            <column name="CML479" length="6" />
        </property>
        <property name="cml20" type="java.lang.String">
            <column name="CML20" length="6" />
        </property>
        <property name="cml139" type="java.lang.String">
            <column name="CML139" length="6" />
        </property>
        <property name="cml480" type="java.lang.String">
            <column name="CML480" length="6" />
        </property>
        <property name="cimbl50" type="java.lang.String">
            <column name="CIMBL50" length="6" />
        </property>
        <property name="cimbl52" type="java.lang.String">
            <column name="CIMBL52" length="6" />
        </property>
        <property name="cml165" type="java.lang.String">
            <column name="CML165" length="6" />
        </property>
        <property name="cimbl92" type="java.lang.String">
            <column name="CIMBL92" length="6" />
        </property>
        <property name="cimbl54" type="java.lang.String">
            <column name="CIMBL54" length="6" />
        </property>
        <property name="cimbl12" type="java.lang.String">
            <column name="CIMBL12" length="6" />
        </property>
        <property name="cml426" type="java.lang.String">
            <column name="CML426" length="6" />
        </property>
        <property name="cimbl145" type="java.lang.String">
            <column name="CIMBL145" length="6" />
        </property>
        <property name="cml304" type="java.lang.String">
            <column name="CML304" length="6" />
        </property>
        <property name="cml170" type="java.lang.String">
            <column name="CML170" length="6" />
        </property>
        <property name="cimbl15" type="java.lang.String">
            <column name="CIMBL15" length="6" />
        </property>
        <property name="cml130" type="java.lang.String">
            <column name="CML130" length="6" />
        </property>
        <property name="cimbl28" type="java.lang.String">
            <column name="CIMBL28" length="6" />
        </property>
        <property name="cml134" type="java.lang.String">
            <column name="CML134" length="6" />
        </property>
        <property name="cimbl6" type="java.lang.String">
            <column name="CIMBL6" length="6" />
        </property>
        <property name="cml114" type="java.lang.String">
            <column name="CML114" length="6" />
        </property>
        <property name="cimbl70" type="java.lang.String">
            <column name="CIMBL70" length="6" />
        </property>
        <property name="cimbl42" type="java.lang.String">
            <column name="CIMBL42" length="6" />
        </property>
        <property name="cimbl49" type="java.lang.String">
            <column name="CIMBL49" length="6" />
        </property>
        <property name="cml496" type="java.lang.String">
            <column name="CML496" length="6" />
        </property>
        <property name="cimbl111" type="java.lang.String">
            <column name="CIMBL111" length="6" />
        </property>
        <property name="cimbl144" type="java.lang.String">
            <column name="CIMBL144" length="6" />
        </property>
        <property name="cimbl79" type="java.lang.String">
            <column name="CIMBL79" length="6" />
        </property>
        <property name="cimbl91" type="java.lang.String">
            <column name="CIMBL91" length="6" />
        </property>
        <property name="cml192" type="java.lang.String">
            <column name="CML192" length="6" />
        </property>
        <property name="cml486" type="java.lang.String">
            <column name="CML486" length="6" />
        </property>
        <property name="cimbl95" type="java.lang.String">
            <column name="CIMBL95" length="6" />
        </property>
        <property name="cml454" type="java.lang.String">
            <column name="CML454" length="6" />
        </property>
        <property name="cimbl152" type="java.lang.String">
            <column name="CIMBL152" length="6" />
        </property>
        <property name="cimbl89" type="java.lang.String">
            <column name="CIMBL89" length="6" />
        </property>
        <property name="cml121" type="java.lang.String">
            <column name="CML121" length="6" />
        </property>
        <property name="cimbl32" type="java.lang.String">
            <column name="CIMBL32" length="6" />
        </property>
        <property name="cimbl124" type="java.lang.String">
            <column name="CIMBL124" length="6" />
        </property>
        <property name="cimbl115" type="java.lang.String">
            <column name="CIMBL115" length="6" />
        </property>
        <property name="cimbl129" type="java.lang.String">
            <column name="CIMBL129" length="6" />
        </property>
        <property name="cimbl93" type="java.lang.String">
            <column name="CIMBL93" length="6" />
        </property>
        <property name="cml422" type="java.lang.String">
            <column name="CML422" length="6" />
        </property>
        <property name="cimbl10" type="java.lang.String">
            <column name="CIMBL10" length="6" />
        </property>
        <property name="cimbl119" type="java.lang.String">
            <column name="CIMBL119" length="6" />
        </property>
        <property name="cimbl40" type="java.lang.String">
            <column name="CIMBL40" length="6" />
        </property>
        <property name="cimbl94" type="java.lang.String">
            <column name="CIMBL94" length="6" />
        </property>
        <property name="cimbl116" type="java.lang.String">
            <column name="CIMBL116" length="6" />
        </property>
        <property name="cimbl99" type="java.lang.String">
            <column name="CIMBL99" length="6" />
        </property>
        <property name="cimbl4" type="java.lang.String">
            <column name="CIMBL4" length="6" />
        </property>
        <property name="cimbl156" type="java.lang.String">
            <column name="CIMBL156" length="6" />
        </property>
        <property name="cimbl105" type="java.lang.String">
            <column name="CIMBL105" length="6" />
        </property>
        <property name="cimbl3" type="java.lang.String">
            <column name="CIMBL3" length="6" />
        </property>
        <property name="dan599" type="java.lang.String">
            <column name="DAN599" length="6" />
        </property>
        <property name="cml171" type="java.lang.String">
            <column name="CML171" length="6" />
        </property>
        <property name="cimbl18" type="java.lang.String">
            <column name="CIMBL18" length="6" />
        </property>
        <property name="cml50" type="java.lang.String">
            <column name="CML50" length="6" />
        </property>
        <property name="cimbl109" type="java.lang.String">
            <column name="CIMBL109" length="6" />
        </property>
        <property name="s37" type="java.lang.String">
            <column name="S37" length="6" />
        </property>
        <property name="cimbl84" type="java.lang.String">
            <column name="CIMBL84" length="6" />
        </property>
        <property name="cimbl27" type="java.lang.String">
            <column name="CIMBL27" length="6" />
        </property>
        <property name="cimbl137" type="java.lang.String">
            <column name="CIMBL137" length="6" />
        </property>
        <property name="cml169" type="java.lang.String">
            <column name="CML169" length="6" />
        </property>
        <property name="cimbl21" type="java.lang.String">
            <column name="CIMBL21" length="6" />
        </property>
        <property name="cimbl51" type="java.lang.String">
            <column name="CIMBL51" length="6" />
        </property>
        <property name="cml324" type="java.lang.String">
            <column name="CML324" length="6" />
        </property>
        <property name="cimbl71" type="java.lang.String">
            <column name="CIMBL71" length="6" />
        </property>
        <property name="cimbl102" type="java.lang.String">
            <column name="CIMBL102" length="6" />
        </property>
        <property name="cimbl123" type="java.lang.String">
            <column name="CIMBL123" length="6" />
        </property>
        <property name="cimbl98" type="java.lang.String">
            <column name="CIMBL98" length="6" />
        </property>
        <property name="cml118" type="java.lang.String">
            <column name="CML118" length="6" />
        </property>
        <property name="cimbl88" type="java.lang.String">
            <column name="CIMBL88" length="6" />
        </property>
        <property name="cml32" type="java.lang.String">
            <column name="CML32" length="6" />
        </property>
        <property name="cml423" type="java.lang.String">
            <column name="CML423" length="6" />
        </property>
        <property name="cml360" type="java.lang.String">
            <column name="CML360" length="6" />
        </property>
        <property name="cml323" type="java.lang.String">
            <column name="CML323" length="6" />
        </property>
        <property name="cml162" type="java.lang.String">
            <column name="CML162" length="6" />
        </property>
        <property name="cimbl150" type="java.lang.String">
            <column name="CIMBL150" length="6" />
        </property>
        <property name="cimbl143" type="java.lang.String">
            <column name="CIMBL143" length="6" />
        </property>
        <property name="cimbl46" type="java.lang.String">
            <column name="CIMBL46" length="6" />
        </property>
        <property name="cimbl113" type="java.lang.String">
            <column name="CIMBL113" length="6" />
        </property>
        <property name="cimbl23" type="java.lang.String">
            <column name="CIMBL23" length="6" />
        </property>
        <property name="cml338" type="java.lang.String">
            <column name="CML338" length="6" />
        </property>
        <property name="cimbl120" type="java.lang.String">
            <column name="CIMBL120" length="6" />
        </property>
        <property name="cml115" type="java.lang.String">
            <column name="CML115" length="6" />
        </property>
        <property name="cimbl9" type="java.lang.String">
            <column name="CIMBL9" length="6" />
        </property>
        <property name="cml172" type="java.lang.String">
            <column name="CML172" length="6" />
        </property>
        <property name="cimbl38" type="java.lang.String">
            <column name="CIMBL38" length="6" />
        </property>
        <property name="cimbl1" type="java.lang.String">
            <column name="CIMBL1" length="6" />
        </property>
        <property name="cimbl86" type="java.lang.String">
            <column name="CIMBL86" length="6" />
        </property>
        <property name="cml327" type="java.lang.String">
            <column name="CML327" length="6" />
        </property>
        <property name="cimbl96" type="java.lang.String">
            <column name="CIMBL96" length="6" />
        </property>
        <property name="cimbl2" type="java.lang.String">
            <column name="CIMBL2" length="6" />
        </property>
        <property name="cimbl114" type="java.lang.String">
            <column name="CIMBL114" length="6" />
        </property>
        <property name="cml122" type="java.lang.String">
            <column name="CML122" length="6" />
        </property>
        <property name="cml116" type="java.lang.String">
            <column name="CML116" length="6" />
        </property>
        <property name="cml361" type="java.lang.String">
            <column name="CML361" length="6" />
        </property>
        <property name="cimbl101" type="java.lang.String">
            <column name="CIMBL101" length="6" />
        </property>
        <property name="cml31" type="java.lang.String">
            <column name="CML31" length="6" />
        </property>
        <property name="cml415" type="java.lang.String">
            <column name="CML415" length="6" />
        </property>
        <property name="cimbl142" type="java.lang.String">
            <column name="CIMBL142" length="6" />
        </property>
        <property name="cimbl127" type="java.lang.String">
            <column name="CIMBL127" length="6" />
        </property>
        <property name="cimbl29" type="java.lang.String">
            <column name="CIMBL29" length="6" />
        </property>
        <property name="cimbl53" type="java.lang.String">
            <column name="CIMBL53" length="6" />
        </property>
        <property name="cml470" type="java.lang.String">
            <column name="CML470" length="6" />
        </property>
        <property name="cimbl151" type="java.lang.String">
            <column name="CIMBL151" length="6" />
        </property>
        <property name="p178" type="java.lang.String">
            <column name="P178" length="6" />
        </property>
        <property name="cimbl7" type="java.lang.String">
            <column name="CIMBL7" length="6" />
        </property>
        <property name="cimbl68" type="java.lang.String">
            <column name="CIMBL68" length="6" />
        </property>
        <property name="cimbl55" type="java.lang.String">
            <column name="CIMBL55" length="6" />
        </property>
        <property name="cimbl82" type="java.lang.String">
            <column name="CIMBL82" length="6" />
        </property>
        <property name="cimbl121" type="java.lang.String">
            <column name="CIMBL121" length="6" />
        </property>
        <property name="cimbl16" type="java.lang.String">
            <column name="CIMBL16" length="6" />
        </property>
        <property name="cimbl74" type="java.lang.String">
            <column name="CIMBL74" length="6" />
        </property>
        <property name="maize647" type="java.lang.String">
            <column name="maize_647" length="6" />
        </property>
        <property name="cimbl25" type="java.lang.String">
            <column name="CIMBL25" length="6" />
        </property>
        <property name="cml411" type="java.lang.String">
            <column name="CML411" length="6" />
        </property>
        <property name="cimbl106" type="java.lang.String">
            <column name="CIMBL106" length="6" />
        </property>
        <property name="cimbl122" type="java.lang.String">
            <column name="CIMBL122" length="6" />
        </property>
        <property name="cimbl90" type="java.lang.String">
            <column name="CIMBL90" length="6" />
        </property>
        <property name="cimbl77" type="java.lang.String">
            <column name="CIMBL77" length="6" />
        </property>
        <property name="cimbl47" type="java.lang.String">
            <column name="CIMBL47" length="6" />
        </property>
        <property name="cimbl43" type="java.lang.String">
            <column name="CIMBL43" length="6" />
        </property>
        <property name="cimbl157" type="java.lang.String">
            <column name="CIMBL157" length="6" />
        </property>
        <property name="cml298" type="java.lang.String">
            <column name="CML298" length="6" />
        </property>
        <property name="cimbl108" type="java.lang.String">
            <column name="CIMBL108" length="6" />
        </property>
        <property name="cimbl19" type="java.lang.String">
            <column name="CIMBL19" length="6" />
        </property>
        <property name="cimbl147" type="java.lang.String">
            <column name="CIMBL147" length="6" />
        </property>
        <property name="nan213" type="java.lang.String">
            <column name="`NAN21-3`" length="6" />
        </property>
        <property name="cimbl60" type="java.lang.String">
            <column name="CIMBL60" length="6" />
        </property>
        <property name="cml189" type="java.lang.String">
            <column name="CML189" length="6" />
        </property>
        <property name="cimbl58" type="java.lang.String">
            <column name="CIMBL58" length="6" />
        </property>
        <property name="cimbl13" type="java.lang.String">
            <column name="CIMBL13" length="6" />
        </property>
        <property name="cimbl81" type="java.lang.String">
            <column name="CIMBL81" length="6" />
        </property>
        <property name="cimbl48" type="java.lang.String">
            <column name="CIMBL48" length="6" />
        </property>
        <property name="cimbl59" type="java.lang.String">
            <column name="CIMBL59" length="6" />
        </property>
        <property name="cimbl87" type="java.lang.String">
            <column name="CIMBL87" length="6" />
        </property>
        <property name="cimbl22" type="java.lang.String">
            <column name="CIMBL22" length="6" />
        </property>
        <property name="cimbl56" type="java.lang.String">
            <column name="CIMBL56" length="6" />
        </property>
        <property name="b11" type="java.lang.String">
            <column name="B11" length="6" />
        </property>
        <property name="cml432" type="java.lang.String">
            <column name="CML432" length="6" />
        </property>
        <property name="cimbl66" type="java.lang.String">
            <column name="CIMBL66" length="6" />
        </property>
        <property name="cimbl125" type="java.lang.String">
            <column name="CIMBL125" length="6" />
        </property>
        <property name="cml431" type="java.lang.String">
            <column name="CML431" length="6" />
        </property>
        <property name="cimbl153" type="java.lang.String">
            <column name="CIMBL153" length="6" />
        </property>
        <property name="cimbl69" type="java.lang.String">
            <column name="CIMBL69" length="6" />
        </property>
        <property name="cimbl75" type="java.lang.String">
            <column name="CIMBL75" length="6" />
        </property>
        <property name="cml163" type="java.lang.String">
            <column name="CML163" length="6" />
        </property>
        <property name="cimbl17" type="java.lang.String">
            <column name="CIMBL17" length="6" />
        </property>
        <property name="cimbl100" type="java.lang.String">
            <column name="CIMBL100" length="6" />
        </property>
        <property name="cml433" type="java.lang.String">
            <column name="CML433" length="6" />
        </property>
        <property name="cimbl141" type="java.lang.String">
            <column name="CIMBL141" length="6" />
        </property>
        <property name="cml325" type="java.lang.String">
            <column name="CML325" length="6" />
        </property>
        <property name="cml290" type="java.lang.String">
            <column name="CML290" length="6" />
        </property>
        <property name="cimbl83" type="java.lang.String">
            <column name="CIMBL83" length="6" />
        </property>
        <property name="cimbl140" type="java.lang.String">
            <column name="CIMBL140" length="6" />
        </property>
        <property name="si434" type="java.lang.String">
            <column name="SI434" length="6" />
        </property>
        <property name="dan360" type="java.lang.String">
            <column name="DAN360" length="6" />
        </property>
        <property name="maize177" type="java.lang.String">
            <column name="maize_177" length="6" />
        </property>
        <property name="maize8902" type="java.lang.String">
            <column name="maize_8902" length="6" />
        </property>
        <property name="ty5" type="java.lang.String">
            <column name="TY5" length="6" />
        </property>
        <property name="ci7" type="java.lang.String">
            <column name="CI7" length="6" />
        </property>
        <property name="chuan482" type="java.lang.String">
            <column name="`CHUAN48-2`" length="6" />
        </property>
        <property name="m97" type="java.lang.String">
            <column name="M97" length="6" />
        </property>
        <property name="r15x1141" type="java.lang.String">
            <column name="R15X1141" length="6" />
        </property>
        <property name="es40" type="java.lang.String">
            <column name="ES40" length="6" />
        </property>
        <property name="dh3732" type="java.lang.String">
            <column name="DH3732" length="6" />
        </property>
        <property name="k22" type="java.lang.String">
            <column name="K22" length="6" />
        </property>
        <property name="hth17" type="java.lang.String">
            <column name="`HTH-17`" length="6" />
        </property>
        <property name="yu374" type="java.lang.String">
            <column name="YU374" length="6" />
        </property>
        <property name="liao5263" type="java.lang.String">
            <column name="LIAO5263" length="6" />
        </property>
        <property name="lx9801" type="java.lang.String">
            <column name="LX9801" length="6" />
        </property>
        <property name="liao138" type="java.lang.String">
            <column name="LIAO138" length="6" />
        </property>
        <property name="zz01" type="java.lang.String">
            <column name="ZZ01" length="6" />
        </property>
        <property name="zheng29" type="java.lang.String">
            <column name="ZHENG29" length="6" />
        </property>
        <property name="gy462" type="java.lang.String">
            <column name="GY462" length="6" />
        </property>
        <property name="jy01" type="java.lang.String">
            <column name="JY01" length="6" />
        </property>
        <property name="b113" type="java.lang.String">
            <column name="B113" length="6" />
        </property>
        <property name="ry713" type="java.lang.String">
            <column name="RY713" length="6" />
        </property>
        <property name="ty11" type="java.lang.String">
            <column name="TY11" length="6" />
        </property>
        <property name="k12" type="java.lang.String">
            <column name="K12" length="6" />
        </property>
        <property name="maize835a" type="java.lang.String">
            <column name="maize_835A" length="6" />
        </property>
        <property name="q1261" type="java.lang.String">
            <column name="Q1261" length="6" />
        </property>
        <property name="gy386" type="java.lang.String">
            <column name="GY386" length="6" />
        </property>
        <property name="si273" type="java.lang.String">
            <column name="SI273" length="6" />
        </property>
        <property name="m153" type="java.lang.String">
            <column name="M153" length="6" />
        </property>
        <property name="ty3" type="java.lang.String">
            <column name="TY3" length="6" />
        </property>
        <property name="zz03" type="java.lang.String">
            <column name="ZZ03" length="6" />
        </property>
        <property name="dan340" type="java.lang.String">
            <column name="DAN340" length="6" />
        </property>
        <property name="tie7922" type="java.lang.String">
            <column name="TIE7922" length="6" />
        </property>
        <property name="maize835b" type="java.lang.String">
            <column name="maize_835B" length="6" />
        </property>
        <property name="zb648" type="java.lang.String">
            <column name="ZB648" length="6" />
        </property>
        <property name="maize97512" type="java.lang.String">
            <column name="`maize_975-12`" length="6" />
        </property>
        <property name="ji846" type="java.lang.String">
            <column name="JI846" length="6" />
        </property>
        <property name="dan4245" type="java.lang.String">
            <column name="DAN4245" length="6" />
        </property>
        <property name="lxn" type="java.lang.String">
            <column name="LXN" length="6" />
        </property>
        <property name="b110" type="java.lang.String">
            <column name="B110" length="6" />
        </property>
        <property name="maize238" type="java.lang.String">
            <column name="maize_238" length="6" />
        </property>
        <property name="k14" type="java.lang.String">
            <column name="K14" length="6" />
        </property>
        <property name="irf314" type="java.lang.String">
            <column name="IRF314" length="6" />
        </property>
        <property name="by807" type="java.lang.String">
            <column name="BY807" length="6" />
        </property>
        <property name="sy1035" type="java.lang.String">
            <column name="SY1035" length="6" />
        </property>
        <property name="si446" type="java.lang.String">
            <column name="SI446" length="6" />
        </property>
        <property name="maize05w002" type="java.lang.String">
            <column name="maize_05W002" length="6" />
        </property>
        <property name="maize18599" type="java.lang.String">
            <column name="`maize_18-599`" length="6" />
        </property>
        <property name="maize7327" type="java.lang.String">
            <column name="maize_7327" length="6" />
        </property>
        <property name="zh68" type="java.lang.String">
            <column name="ZH68" length="6" />
        </property>
        <property name="by4839" type="java.lang.String">
            <column name="BY4839" length="6" />
        </property>
        <property name="sy1052" type="java.lang.String">
            <column name="SY1052" length="6" />
        </property>
        <property name="dong46" type="java.lang.String">
            <column name="DONG46" length="6" />
        </property>
        <property name="ca47" type="java.lang.String">
            <column name="CA47" length="6" />
        </property>
        <property name="s22" type="java.lang.String">
            <column name="S22" length="6" />
        </property>
        <property name="maize78844ht" type="java.lang.String">
            <column name="`maize_7884-4HT`" length="6" />
        </property>
        <property name="ty4" type="java.lang.String">
            <column name="TY4" length="6" />
        </property>
        <property name="mo113" type="java.lang.String">
            <column name="MO113" length="6" />
        </property>
        <property name="liao5262" type="java.lang.String">
            <column name="LIAO5262" length="6" />
        </property>
        <property name="maize05wn230" type="java.lang.String">
            <column name="maize_05WN230" length="6" />
        </property>
        <property name="b114" type="java.lang.String">
            <column name="B114" length="6" />
        </property>
        <property name="maize9642" type="java.lang.String">
            <column name="maize_9642" length="6" />
        </property>
        <property name="b77" type="java.lang.String">
            <column name="B77" length="6" />
        </property>
        <property name="maize7381" type="java.lang.String">
            <column name="maize_7381" length="6" />
        </property>
        <property name="ji842" type="java.lang.String">
            <column name="JI842" length="6" />
        </property>
        <property name="jh96c" type="java.lang.String">
            <column name="JH96C" length="6" />
        </property>
        <property name="xun971" type="java.lang.String">
            <column name="XUN971" length="6" />
        </property>
        <property name="liao5114" type="java.lang.String">
            <column name="LIAO5114" length="6" />
        </property>
        <property name="ty2" type="java.lang.String">
            <column name="TY2" length="6" />
        </property>
        <property name="maize07ks4" type="java.lang.String">
            <column name="maize_07KS4" length="6" />
        </property>
        <property name="cheng698" type="java.lang.String">
            <column name="CHENG698" length="6" />
        </property>
        <property name="by4944" type="java.lang.String">
            <column name="BY4944" length="6" />
        </property>
        <property name="k10" type="java.lang.String">
            <column name="K10" length="6" />
        </property>
        <property name="r15" type="java.lang.String">
            <column name="R15" length="6" />
        </property>
        <property name="zheng30" type="java.lang.String">
            <column name="ZHENG30" length="6" />
        </property>
        <property name="dan3130" type="java.lang.String">
            <column name="DAN3130" length="6" />
        </property>
        <property name="by855" type="java.lang.String">
            <column name="BY855" length="6" />
        </property>
        <property name="maize303wx" type="java.lang.String">
            <column name="maize_303WX" length="6" />
        </property>
        <property name="ye8001" type="java.lang.String">
            <column name="YE8001" length="6" />
        </property>
        <property name="wh413" type="java.lang.String">
            <column name="WH413" length="6" />
        </property>
        <property name="xi502" type="java.lang.String">
            <column name="XI502" length="6" />
        </property>
        <property name="maize5237" type="java.lang.String">
            <column name="maize_5237" length="6" />
        </property>
        <property name="maize526018" type="java.lang.String">
            <column name="maize_526018" length="6" />
        </property>
        <property name="zheng653" type="java.lang.String">
            <column name="ZHENG653" length="6" />
        </property>
        <property name="jiao51" type="java.lang.String">
            <column name="JIAO51" length="6" />
        </property>
        <property name="b111" type="java.lang.String">
            <column name="B111" length="6" />
        </property>
        <property name="hua832" type="java.lang.String">
            <column name="`HUA83-2`" length="6" />
        </property>
        <property name="jh59" type="java.lang.String">
            <column name="JH59" length="6" />
        </property>
        <property name="liao159" type="java.lang.String">
            <column name="LIAO159" length="6" />
        </property>
        <property name="ye478" type="java.lang.String">
            <column name="YE478" length="6" />
        </property>
        <property name="maize268" type="java.lang.String">
            <column name="maize_268" length="6" />
        </property>
        <property name="gy798" type="java.lang.String">
            <column name="GY798" length="6" />
        </property>
        <property name="by815" type="java.lang.String">
            <column name="BY815" length="6" />
        </property>
        <property name="ty6" type="java.lang.String">
            <column name="TY6" length="6" />
        </property>
        <property name="ye52106" type="java.lang.String">
            <column name="YE52106" length="6" />
        </property>
        <property name="ly042" type="java.lang.String">
            <column name="LY042" length="6" />
        </property>
        <property name="by4960" type="java.lang.String">
            <column name="BY4960" length="6" />
        </property>
        <property name="w138" type="java.lang.String">
            <column name="W138" length="6" />
        </property>
        <property name="zac546" type="java.lang.String">
            <column name="ZAC546" length="6" />
        </property>
        <property name="gy1032" type="java.lang.String">
            <column name="GY1032" length="6" />
        </property>
        <property name="b151" type="java.lang.String">
            <column name="B151" length="6" />
        </property>
        <property name="xz698" type="java.lang.String">
            <column name="XZ698" length="6" />
        </property>
        <property name="maize4f1" type="java.lang.String">
            <column name="maize_4F1" length="6" />
        </property>
        <property name="lg001" type="java.lang.String">
            <column name="LG001" length="6" />
        </property>
        <property name="maize5213" type="java.lang.String">
            <column name="maize_5213" length="6" />
        </property>
        <property name="mo17" type="java.lang.String">
            <column name="MO17" length="6" />
        </property>
        <property name="zhi41" type="java.lang.String">
            <column name="ZHI41" length="6" />
        </property>
        <property name="j4112" type="java.lang.String">
            <column name="J4112" length="6" />
        </property>
        <property name="zhong69" type="java.lang.String">
            <column name="ZHONG69" length="6" />
        </property>
        <property name="sy1039" type="java.lang.String">
            <column name="SY1039" length="6" />
        </property>
        <property name="tian77" type="java.lang.String">
            <column name="TIAN77" length="6" />
        </property>
        <property name="bzn" type="java.lang.String">
            <column name="BZN" length="6" />
        </property>
        <property name="qi205" type="java.lang.String">
            <column name="QI205" length="6" />
        </property>
        <property name="maize1462" type="java.lang.String">
            <column name="maize_1462" length="6" />
        </property>
        <property name="sy1032" type="java.lang.String">
            <column name="SY1032" length="6" />
        </property>
        <property name="shen5003" type="java.lang.String">
            <column name="SHEN5003" length="6" />
        </property>
        <property name="b73" type="java.lang.String">
            <column name="B73" length="6" />
        </property>
        <property name="ty1" type="java.lang.String">
            <column name="TY1" length="6" />
        </property>
        <property name="sy1128" type="java.lang.String">
            <column name="SY1128" length="6" />
        </property>
        <property name="ji63" type="java.lang.String">
            <column name="JI63" length="6" />
        </property>
        <property name="ry729" type="java.lang.String">
            <column name="RY729" length="6" />
        </property>
        <property name="hys" type="java.lang.String">
            <column name="HYS" length="6" />
        </property>
        <property name="ji853" type="java.lang.String">
            <column name="JI853" length="6" />
        </property>
        <property name="maize4019" type="java.lang.String">
            <column name="maize_4019" length="6" />
        </property>
        <property name="bs16" type="java.lang.String">
            <column name="BS16" length="6" />
        </property>
        <property name="by809" type="java.lang.String">
            <column name="BY809" length="6" />
        </property>
        <property name="zheng28" type="java.lang.String">
            <column name="ZHENG28" length="6" />
        </property>
        <property name="gy923" type="java.lang.String">
            <column name="GY923" length="6" />
        </property>
        <property name="gy1007" type="java.lang.String">
            <column name="GY1007" length="6" />
        </property>
        <property name="hzs" type="java.lang.String">
            <column name="HZS" length="6" />
        </property>
        <property name="fcd0602" type="java.lang.String">
            <column name="FCD0602" length="6" />
        </property>
        <property name="lv28" type="java.lang.String">
            <column name="LV28" length="6" />
        </property>
        <property name="zheng32" type="java.lang.String">
            <column name="ZHENG32" length="6" />
        </property>
        <property name="maize81162" type="java.lang.String">
            <column name="maize_81162" length="6" />
        </property>
        <property name="sw92e114" type="java.lang.String">
            <column name="SW92E114" length="6" />
        </property>
        <property name="by813" type="java.lang.String">
            <column name="BY813" length="6" />
        </property>
        <property name="ye515" type="java.lang.String">
            <column name="YE515" length="6" />
        </property>
        <property name="maize150" type="java.lang.String">
            <column name="maize_150" length="6" />
        </property>
        <property name="by804" type="java.lang.String">
            <column name="BY804" length="6" />
        </property>
        <property name="zheng35" type="java.lang.String">
            <column name="ZHENG35" length="6" />
        </property>
        <property name="z2018f" type="java.lang.String">
            <column name="Z2018F" length="6" />
        </property>
        <property name="chang3" type="java.lang.String">
            <column name="CHANG3" length="6" />
        </property>
        <property name="sy3073" type="java.lang.String">
            <column name="SY3073" length="6" />
        </property>
        <property name="u8112" type="java.lang.String">
            <column name="U8112" length="6" />
        </property>
        <property name="en25" type="java.lang.String">
            <column name="EN25" length="6" />
        </property>
        <property name="lk11" type="java.lang.String">
            <column name="LK11" length="6" />
        </property>
        <property name="dong237" type="java.lang.String">
            <column name="DONG237" length="6" />
        </property>
        <property name="wu109" type="java.lang.String">
            <column name="WU109" length="6" />
        </property>
        <property name="zong31" type="java.lang.String">
            <column name="ZONG31" length="6" />
        </property>
        <property name="l3180" type="java.lang.String">
            <column name="L3180" length="6" />
        </property>
        <property name="gems1" type="java.lang.String">
            <column name="GEMS1" length="6" />
        </property>
        <property name="gems2" type="java.lang.String">
            <column name="GEMS2" length="6" />
        </property>
        <property name="gems3" type="java.lang.String">
            <column name="GEMS3" length="6" />
        </property>
        <property name="gems4" type="java.lang.String">
            <column name="GEMS4" length="6" />
        </property>
        <property name="gems5" type="java.lang.String">
            <column name="GEMS5" length="6" />
        </property>
        <property name="gems6" type="java.lang.String">
            <column name="GEMS6" length="6" />
        </property>
        <property name="gems9" type="java.lang.String">
            <column name="GEMS9" length="6" />
        </property>
        <property name="gems10" type="java.lang.String">
            <column name="GEMS10" length="6" />
        </property>
        <property name="gems11" type="java.lang.String">
            <column name="GEMS11" length="6" />
        </property>
        <property name="gems13" type="java.lang.String">
            <column name="GEMS13" length="6" />
        </property>
        <property name="gems14" type="java.lang.String">
            <column name="GEMS14" length="6" />
        </property>
        <property name="gems15" type="java.lang.String">
            <column name="GEMS15" length="6" />
        </property>
        <property name="gems16" type="java.lang.String">
            <column name="GEMS16" length="6" />
        </property>
        <property name="gems17" type="java.lang.String">
            <column name="GEMS17" length="6" />
        </property>
        <property name="gems18" type="java.lang.String">
            <column name="GEMS18" length="6" />
        </property>
        <property name="gems19" type="java.lang.String">
            <column name="GEMS19" length="6" />
        </property>
        <property name="gems20" type="java.lang.String">
            <column name="GEMS20" length="6" />
        </property>
        <property name="gems21" type="java.lang.String">
            <column name="GEMS21" length="6" />
        </property>
        <property name="gems23" type="java.lang.String">
            <column name="GEMS23" length="6" />
        </property>
        <property name="gems25" type="java.lang.String">
            <column name="GEMS25" length="6" />
        </property>
        <property name="gems28" type="java.lang.String">
            <column name="GEMS28" length="6" />
        </property>
        <property name="gems29" type="java.lang.String">
            <column name="GEMS29" length="6" />
        </property>
        <property name="gems30" type="java.lang.String">
            <column name="GEMS30" length="6" />
        </property>
        <property name="gems31" type="java.lang.String">
            <column name="GEMS31" length="6" />
        </property>
        <property name="gems32" type="java.lang.String">
            <column name="GEMS32" length="6" />
        </property>
        <property name="gems33" type="java.lang.String">
            <column name="GEMS33" length="6" />
        </property>
        <property name="gems35" type="java.lang.String">
            <column name="GEMS35" length="6" />
        </property>
        <property name="gems36" type="java.lang.String">
            <column name="GEMS36" length="6" />
        </property>
        <property name="gems37" type="java.lang.String">
            <column name="GEMS37" length="6" />
        </property>
        <property name="gems39" type="java.lang.String">
            <column name="GEMS39" length="6" />
        </property>
        <property name="gems40" type="java.lang.String">
            <column name="GEMS40" length="6" />
        </property>
        <property name="gems41" type="java.lang.String">
            <column name="GEMS41" length="6" />
        </property>
        <property name="gems42" type="java.lang.String">
            <column name="GEMS42" length="6" />
        </property>
        <property name="gems44" type="java.lang.String">
            <column name="GEMS44" length="6" />
        </property>
        <property name="gems46" type="java.lang.String">
            <column name="GEMS46" length="6" />
        </property>
        <property name="gems48" type="java.lang.String">
            <column name="GEMS48" length="6" />
        </property>
        <property name="gems49" type="java.lang.String">
            <column name="GEMS49" length="6" />
        </property>
        <property name="gems50" type="java.lang.String">
            <column name="GEMS50" length="6" />
        </property>
        <property name="gems51" type="java.lang.String">
            <column name="GEMS51" length="6" />
        </property>
        <property name="gems54" type="java.lang.String">
            <column name="GEMS54" length="6" />
        </property>
        <property name="gems55" type="java.lang.String">
            <column name="GEMS55" length="6" />
        </property>
        <property name="gems56" type="java.lang.String">
            <column name="GEMS56" length="6" />
        </property>
        <property name="gems58" type="java.lang.String">
            <column name="GEMS58" length="6" />
        </property>
        <property name="gems59" type="java.lang.String">
            <column name="GEMS59" length="6" />
        </property>
        <property name="gems60" type="java.lang.String">
            <column name="GEMS60" length="6" />
        </property>
        <property name="gems61" type="java.lang.String">
            <column name="GEMS61" length="6" />
        </property>
        <property name="gems62" type="java.lang.String">
            <column name="GEMS62" length="6" />
        </property>
        <property name="gems63" type="java.lang.String">
            <column name="GEMS63" length="6" />
        </property>
        <property name="gems64" type="java.lang.String">
            <column name="GEMS64" length="6" />
        </property>
        <property name="gems65" type="java.lang.String">
            <column name="GEMS65" length="6" />
        </property>
        <property name="gems66" type="java.lang.String">
            <column name="GEMS66" length="6" />
        </property>
        <property name="d863f" type="java.lang.String">
            <column name="D863F" length="6" />
        </property>
    </class>
</hibernate-mapping>
